unit_id,cycle,op_setting_1,op_setting_2,op_setting_3,sensor_1,sensor_2,sensor_3,sensor_4,sensor_5,sensor_6,sensor_7,sensor_8,sensor_9,sensor_10,sensor_11,sensor_12,sensor_13,sensor_14,sensor_15,sensor_16,sensor_17,sensor_18,sensor_19,sensor_20,sensor_21
15,1,-0.0018,-0.0004,100.0,518.67,642.0,1576.75,1394.77,14.62,21.61,554.97,2388.02,9055.94,1.3,46.98,522.88,2388.0,8142.23,8.4102,0.03,391,2388,100.0,38.87,23.3903
15,2,0.0004,0.0004,100.0,518.67,642.14,1588.84,1394.27,14.62,21.61,554.18,2387.98,9066.05,1.3,47.08,522.82,2388.05,8142.66,8.4101,0.03,392,2388,100.0,39.12,23.4014
15,3,-0.002,-0.0001,100.0,518.67,642.05,1581.96,1395.53,14.62,21.61,554.55,2388.01,9053.7,1.3,47.18,522.62,2387.99,8140.42,8.3922,0.03,391,2388,100.0,38.89,23.4291
15,4,-0.0015,-0.0001,100.0,518.67,641.97,1587.35,1393.24,14.62,21.61,554.75,2387.96,9053.73,1.3,46.92,522.67,2388.0,8140.5,8.4142,0.03,392,2388,100.0,39.12,23.4905
15,5,0.0014,-0.0003,100.0,518.67,642.33,1584.7,1392.44,14.62,21.6,554.72,2388.07,9056.97,1.3,47.34,523.02,2388.0,8142.05,8.3915,0.03,390,2388,100.0,39.09,23.4482
15,6,-0.0006,-0.0003,100.0,518.67,641.81,1586.84,1395.7,14.62,21.61,554.47,2387.97,9061.09,1.3,47.15,522.62,2387.98,8141.56,8.3864,0.03,391,2388,100.0,39.14,23.5058
15,7,0.0027,-0.0005,100.0,518.67,642.41,1582.35,1393.78,14.62,21.61,553.71,2388.02,9060.13,1.3,47.3,522.29,2387.94,8144.41,8.3942,0.03,392,2388,100.0,39.26,23.4558
15,8,0.0003,-0.0,100.0,518.67,642.41,1582.04,1395.75,14.62,21.61,554.93,2387.97,9058.95,1.3,47.35,522.26,2387.97,8144.91,8.3968,0.03,391,2388,100.0,38.96,23.3113
15,9,0.0022,-0.0005,100.0,518.67,642.0,1580.24,1397.41,14.62,21.6,554.99,2388.09,9055.75,1.3,47.01,522.14,2387.99,8136.59,8.3748,0.03,392,2388,100.0,39.16,23.486
15,10,-0.0006,-0.0002,100.0,518.67,642.26,1584.19,1396.7,14.62,21.61,554.77,2387.94,9061.57,1.3,47.11,522.44,2388.03,8144.92,8.4223,0.03,391,2388,100.0,38.9,23.371
15,11,-0.0023,-0.0002,100.0,518.67,641.9,1585.36,1390.35,14.62,21.61,554.74,2388.0,9055.34,1.3,47.11,522.54,2388.01,8141.67,8.3967,0.03,390,2388,100.0,39.19,23.4066
15,12,-0.0016,-0.0005,100.0,518.67,642.11,1582.54,1402.78,14.62,21.6,555.21,2388.01,9049.29,1.3,47.1,522.38,2387.95,8139.11,8.3678,0.03,392,2388,100.0,39.1,23.3218
15,13,0.0015,-0.0003,100.0,518.67,642.21,1581.36,1395.44,14.62,21.6,555.21,2388.03,9056.72,1.3,47.23,522.53,2388.01,8142.24,8.4029,0.03,392,2388,100.0,39.01,23.4324
15,14,0.0015,-0.0002,100.0,518.67,641.66,1581.98,1400.45,14.62,21.61,554.01,2387.96,9058.73,1.3,47.22,522.08,2388.04,8140.28,8.3826,0.03,391,2388,100.0,39.03,23.5056
15,15,-0.002,-0.0001,100.0,518.67,642.01,1585.44,1401.33,14.62,21.61,554.81,2387.98,9057.64,1.3,47.06,522.39,2387.99,8135.05,8.3603,0.03,392,2388,100.0,38.86,23.3726
15,16,0.0011,0.0004,100.0,518.67,641.71,1579.91,1406.45,14.62,21.61,554.47,2387.95,9056.07,1.3,47.16,522.54,2388.04,8137.87,8.3792,0.03,391,2388,100.0,39.01,23.5067
15,17,0.0009,0.0001,100.0,518.67,641.81,1581.88,1392.92,14.62,21.61,555.16,2387.97,9057.4,1.3,47.12,522.21,2388.03,8144.71,8.3948,0.03,390,2388,100.0,39.01,23.4125
15,18,-0.0042,0.0005,100.0,518.67,641.86,1579.26,1390.03,14.62,21.61,554.27,2387.98,9060.55,1.3,47.14,522.77,2387.98,8137.89,8.3908,0.03,392,2388,100.0,39.11,23.4096
15,19,-0.0029,0.0,100.0,518.67,642.2,1590.89,1391.23,14.62,21.61,555.09,2387.96,9054.19,1.3,47.2,521.77,2387.98,8139.13,8.3592,0.03,392,2388,100.0,38.94,23.4053
15,20,-0.0027,0.0003,100.0,518.67,641.73,1583.08,1392.71,14.62,21.61,554.48,2388.0,9063.05,1.3,47.17,522.94,2388.02,8143.76,8.4075,0.03,391,2388,100.0,39.02,23.4697
15,21,0.0002,0.0003,100.0,518.67,642.51,1576.58,1395.29,14.62,21.6,554.48,2387.98,9056.38,1.3,47.14,522.62,2388.01,8144.26,8.3991,0.03,392,2388,100.0,39.0,23.4136
15,22,-0.0012,0.0001,100.0,518.67,641.84,1578.51,1396.75,14.62,21.61,554.36,2388.0,9063.28,1.3,47.2,522.28,2388.0,8139.67,8.4158,0.03,391,2388,100.0,39.0,23.3403
15,23,-0.0007,0.0004,100.0,518.67,641.96,1577.75,1395.0,14.62,21.61,554.54,2388.03,9058.67,1.3,47.19,522.05,2388.01,8143.08,8.3967,0.03,392,2388,100.0,39.0,23.4621
15,24,0.0016,0.0002,100.0,518.67,642.45,1589.29,1397.04,14.62,21.6,555.26,2387.97,9045.91,1.3,47.11,522.87,2388.0,8142.61,8.3978,0.03,392,2388,100.0,39.03,23.4335
15,25,-0.0006,-0.0002,100.0,518.67,642.4,1587.75,1398.65,14.62,21.61,555.19,2388.03,9056.4,1.3,47.17,522.68,2388.04,8138.16,8.4046,0.03,391,2388,100.0,39.13,23.4505
15,26,0.0015,-0.0,100.0,518.67,642.17,1582.05,1397.76,14.62,21.61,554.7,2388.01,9058.25,1.3,46.99,522.62,2387.99,8142.24,8.3955,0.03,392,2388,100.0,39.12,23.3932
15,27,-0.0011,-0.0001,100.0,518.67,642.07,1588.41,1406.57,14.62,21.61,554.82,2388.07,9052.26,1.3,47.19,522.23,2388.01,8139.01,8.417,0.03,390,2388,100.0,38.99,23.3395
15,28,-0.0028,0.0,100.0,518.67,641.91,1589.8,1392.82,14.62,21.61,555.27,2388.02,9059.8,1.3,47.13,523.05,2387.99,8141.19,8.3697,0.03,391,2388,100.0,39.11,23.4034
15,29,0.0052,0.0003,100.0,518.67,641.79,1582.38,1389.69,14.62,21.61,554.7,2387.98,9054.31,1.3,47.29,522.58,2387.99,8142.6,8.3781,0.03,392,2388,100.0,38.86,23.3724
15,30,-0.0004,-0.0003,100.0,518.67,642.24,1574.15,1396.49,14.62,21.61,555.14,2388.0,9054.65,1.3,47.06,523.06,2388.03,8143.79,8.3799,0.03,392,2388,100.0,39.27,23.3407
15,31,0.0004,-0.0004,100.0,518.67,641.99,1580.38,1402.78,14.62,21.61,554.33,2388.02,9061.92,1.3,47.37,522.74,2388.04,8139.69,8.406,0.03,392,2388,100.0,39.03,23.4515
15,32,0.0006,0.0,100.0,518.67,642.14,1584.56,1396.39,14.62,21.61,553.74,2388.01,9059.11,1.3,47.29,522.27,2388.03,8142.29,8.3852,0.03,391,2388,100.0,39.0,23.4328
15,33,-0.0003,-0.0,100.0,518.67,642.11,1584.96,1397.69,14.62,21.61,553.97,2388.03,9063.17,1.3,47.16,522.4,2388.04,8143.83,8.3959,0.03,393,2388,100.0,39.09,23.4391
15,34,0.0013,-0.0002,100.0,518.67,641.85,1590.39,1392.99,14.62,21.6,554.58,2388.01,9065.45,1.3,47.25,522.48,2387.98,8143.72,8.3996,0.03,392,2388,100.0,38.94,23.3261
15,35,-0.0011,0.0001,100.0,518.67,642.41,1583.28,1402.65,14.62,21.61,554.62,2388.0,9061.89,1.3,47.11,522.24,2388.02,8142.36,8.3939,0.03,392,2388,100.0,39.09,23.4322
15,36,0.0039,-0.0001,100.0,518.67,642.56,1591.33,1396.09,14.62,21.61,554.41,2388.0,9047.42,1.3,47.05,522.92,2387.98,8141.95,8.3603,0.03,391,2388,100.0,38.97,23.454
15,37,0.0018,0.0,100.0,518.67,641.95,1589.69,1394.87,14.62,21.61,555.23,2388.06,9057.95,1.3,47.27,522.26,2388.05,8145.38,8.3612,0.03,392,2388,100.0,38.92,23.4714
15,38,0.0055,-0.0,100.0,518.67,641.98,1580.82,1397.0,14.62,21.61,555.54,2387.96,9062.02,1.3,47.09,522.98,2388.03,8145.89,8.3884,0.03,392,2388,100.0,39.22,23.4945
15,39,0.0006,0.0003,100.0,518.67,642.01,1587.69,1393.64,14.62,21.61,554.4,2388.02,9060.02,1.3,47.16,522.43,2387.96,8139.23,8.4369,0.03,391,2388,100.0,38.98,23.3673
15,40,0.0004,-0.0002,100.0,518.67,642.5,1584.58,1398.07,14.62,21.61,554.13,2387.97,9058.56,1.3,47.13,522.12,2387.98,8143.52,8.4109,0.03,391,2388,100.0,39.07,23.369
15,41,-0.0017,0.0002,100.0,518.67,641.96,1583.84,1393.26,14.62,21.61,554.32,2387.99,9056.63,1.3,47.23,522.11,2387.96,8138.11,8.4012,0.03,392,2388,100.0,39.0,23.4862
15,42,0.0022,-0.0002,100.0,518.67,642.57,1584.18,1393.0,14.62,21.61,554.81,2388.0,9058.1,1.3,47.01,522.99,2388.01,8137.45,8.3769,0.03,391,2388,100.0,38.98,23.3555
15,43,-0.0041,-0.0001,100.0,518.67,642.51,1585.4,1395.43,14.62,21.61,554.85,2388.08,9056.86,1.3,47.23,522.39,2387.96,8148.38,8.4141,0.03,392,2388,100.0,39.1,23.445
15,44,-0.003,0.0003,100.0,518.67,642.18,1581.48,1393.57,14.62,21.61,555.01,2387.99,9055.16,1.3,47.04,521.99,2388.04,8139.83,8.4089,0.03,392,2388,100.0,39.08,23.4563
15,45,-0.0002,0.0,100.0,518.67,642.26,1580.47,1395.59,14.62,21.61,554.99,2388.01,9057.82,1.3,47.03,521.96,2387.99,8141.59,8.4198,0.03,391,2388,100.0,38.95,23.3652
15,46,0.0002,0.0002,100.0,518.67,642.15,1580.58,1407.34,14.62,21.61,554.3,2388.01,9051.12,1.3,47.0,521.84,2388.01,8138.59,8.4182,0.03,391,2388,100.0,39.16,23.4855
15,47,-0.0007,0.0004,100.0,518.67,641.74,1593.18,1396.56,14.62,21.61,553.37,2388.01,9059.45,1.3,47.48,522.16,2388.01,8140.59,8.3926,0.03,390,2388,100.0,39.06,23.3375
15,48,0.0013,-0.0003,100.0,518.67,642.23,1581.61,1395.42,14.62,21.6,554.36,2387.98,9054.29,1.3,47.17,522.12,2387.99,8143.5,8.4052,0.03,391,2388,100.0,39.09,23.4105
15,49,0.0007,-0.0005,100.0,518.67,641.74,1584.85,1395.15,14.62,21.61,555.46,2388.0,9062.59,1.3,47.34,521.98,2388.02,8140.04,8.4285,0.03,392,2388,100.0,38.87,23.4577
15,50,-0.0021,-0.0002,100.0,518.67,642.26,1583.47,1403.78,14.62,21.61,554.72,2388.0,9059.06,1.3,47.22,522.39,2388.02,8141.22,8.3897,0.03,393,2388,100.0,39.07,23.4351
15,51,0.0015,-0.0,100.0,518.67,641.74,1584.66,1397.29,14.62,21.6,554.48,2388.03,9061.45,1.3,47.36,522.27,2388.03,8141.67,8.3835,0.03,392,2388,100.0,38.93,23.4525
15,52,-0.0003,0.0004,100.0,518.67,642.26,1587.69,1399.54,14.62,21.61,554.23,2388.02,9065.86,1.3,47.14,522.1,2388.04,8141.93,8.394,0.03,392,2388,100.0,39.23,23.3558
15,53,0.0047,-0.0004,100.0,518.67,641.76,1584.18,1394.35,14.62,21.61,554.78,2388.01,9055.39,1.3,47.14,522.27,2388.03,8140.37,8.3804,0.03,392,2388,100.0,39.08,23.4221
15,54,-0.0,0.0004,100.0,518.67,642.05,1581.83,1398.56,14.62,21.61,554.9,2388.01,9058.2,1.3,47.24,522.54,2388.03,8134.15,8.4064,0.03,392,2388,100.0,39.11,23.4045
15,55,0.0015,0.0005,100.0,518.67,642.57,1582.97,1393.88,14.62,21.61,555.23,2388.04,9056.47,1.3,47.29,521.62,2388.04,8141.8,8.4138,0.03,392,2388,100.0,38.95,23.392
15,56,0.0025,-0.0001,100.0,518.67,642.66,1584.24,1399.54,14.62,21.61,554.9,2387.99,9057.96,1.3,47.08,522.39,2387.99,8141.4,8.3877,0.03,393,2388,100.0,39.07,23.5732
15,57,-0.001,-0.0002,100.0,518.67,642.11,1587.81,1393.48,14.62,21.61,554.95,2388.01,9061.19,1.3,47.23,522.17,2387.99,8142.56,8.3816,0.03,392,2388,100.0,39.08,23.4629
15,58,-0.0005,-0.0003,100.0,518.67,641.89,1584.11,1397.73,14.62,21.61,554.5,2388.02,9058.0,1.3,47.23,522.44,2387.98,8141.95,8.3711,0.03,392,2388,100.0,38.99,23.4157
15,59,0.0037,-0.0003,100.0,518.67,641.81,1577.52,1399.53,14.62,21.61,554.44,2388.02,9060.41,1.3,47.43,522.59,2388.04,8146.59,8.3715,0.03,392,2388,100.0,38.67,23.4619
15,60,0.0038,0.0004,100.0,518.67,642.0,1578.56,1400.34,14.62,21.61,554.39,2388.02,9061.22,1.3,47.21,521.89,2388.02,8138.92,8.3925,0.03,391,2388,100.0,38.92,23.3673
15,61,-0.0024,0.0003,100.0,518.67,642.29,1588.69,1389.96,14.62,21.61,554.75,2388.01,9062.09,1.3,47.23,522.65,2388.04,8142.5,8.4208,0.03,392,2388,100.0,39.14,23.3634
15,62,0.0007,0.0001,100.0,518.67,642.21,1578.29,1398.03,14.62,21.61,554.54,2388.02,9057.61,1.3,47.09,522.46,2388.01,8140.56,8.4105,0.03,391,2388,100.0,39.01,23.3912
